{"Delta_Fc": 0.392891, "ClusteringCoefficient": 0.655518, "ArgMax_Ps": 28.2989, "Normalized_ArgMax_Ps": 0.01, "PCC_s_k": 0.682286, "PCC_O_w": 0.337869, "AvgComSize": 14.542372881355933, "ArgMax_Pk": 6, "AverageStrength": 2829.89, "AvgNumComsPerNode": 1.0296, "AverageDegree": 10.8636, "AverageEdgeWeight": 260.492, "NumNodes": 9986, "PCC_C_k": -0.692997, "NumEdges": 54242, "AverageOverlap": 0.364831, "Fc_Descending": 0.918984, "Fc_Ascending": 0.526094, "Assortativity": 0.076362}